country_id;country_name;conflict_id;conflict_name;conflict_type_data_id;conflict_factor_data_id;conflict_intensity_data_id;conflict_subjects;conflict_history;conflict_regulation_practice;circle_coordinates;circle_custom_diameter;circle_conflict_type_data_id;circle_conflict_factors_data_id;circle_conflict_intensity_data_id
0;Аруба;;;;;;;;;;;;;
1;Афганистан;27;Афганистан;;;;;;;34.86, 67.41;;102;201, 202, 203, 204, 206;303
2;Ангола;;;;;;;;;;;;;
3;Ангилья;;;;;;;;;;;;;
4;Албания;;;;;;;;;;;;;
5;Аландские острова;;;;;;;;;;;;;
6;Андорра;;;;;;;;;;;;;
7;Объединенные Арабские Эмираты;;;;;;;;;;;;;
8;Аргентина;;;;;;;;;;;;;
9;Армения;;;;;;;;;;;;;
10;Американское Самоа;;;;;;;;;;;;;
11;Антарктида;;;;;;;;;;;;;
13;Южные Французские Территории;;;;;;;;;;;;;
14;Антигуа и Барбуда;;;;;;;;;;;;;
15;Австралия;;;;;;;;;;;;;
16;Австрия;;;;;;;;;;;;;
17;Азербайджан;2;Нагорный Карабах;;;;Население Нагорного Карабаха и центральная власть Республики Армения / Центральная власть Азербайджанской Республики;В основе конфликта – противоречия армянской и азербайджанской общин, принявшие формы кровопролитных столкновений в 1905-1907 и 1918-1920 гг. Раздел провозглашенной в мае 1918 г. Закавказской демократической федеративной республики на три республики, Грузинскую, Армянскую и Азербайджанскую, прошел с учетом прежнего губернского деления Закавказья в рамках Российской империи. Нагорный Карабах отошел к Азербайджану. Армянское население Карабаха отказывалось подчиняться властям АДР и избрало собственное Народное правительство. Измененные позже границы НКАО стали отличаться от границ расселения этнических общин. К тому же образовался так наз. Лачинский коридор, отделивший территорию НКАО от Армении. В период перестройки и резкой активизации национальных движений в СССР в 1987-1988 гг. сформировались условия открытой межнациональной конфронтации. В 1991-1994 гг. она переросла в военные столкновения между Арменией и самопровозглашенной НКР, с одной стороны, и Азербайджаном, с другой. Бишкекский протокол о перемирии и прекращении огня между конфликтующими сторонами (1994 г.) заложил основы для деэскалации конфликта. С 1992 г. работает Минская группа ОБСЕ, ориентированная на поиск путей мирного урегулирования Карабахского конфликта. В 2007 г. была выработана предварительная версия принципов урегулирования конфликта («Мадридские принципы»). В 2008 г. при посредничестве президента РФ Д.Медведева по итогам встречи президентов Армении и Азербайджана сторонами конфликта была подписана Майендорфская декларация, которая была вскоре фактически денонсирована президентом Азербайджана. Последнее существенное обострение конфликта произошло в начале апреля 2016 г. и было урегулировано благодаря активному военно-дипломатическому вмешательству России.;Деятельность Минской группы ОБСЕ, Мадридские принципы, Майендорфская декларация (2008 г.), подписанная президентами Армении, Азербайджана и России. Военно-дипломатические усилия стран-сопредседателей Минской группы ОБСЕ. И для Армении, и для Азербайджана Карабах стал ключевым ориентиром политики идентичности и мобилизации общественного мнения.;39.88, 46.85;;103;201, 203;305
18;Бурунди;;;;;;;;;;;;;
19;Бельгия;11;Бельгия;;;;"Центральное правительство / власти субнационального уровня (Валлония,     Фландрия, Брюссель) и регионалистские партии
";"Бельгия является федерацией, федерализация бельгийского государства началась недавно (с формальной точки зрения – с 1980 г.), процесс не завершен (имели место шесть институциональных реформ в данном направлении). Федерацию образовали получившие языковую и культурную автономию три сообщества, население которых в большинстве своем считает своим языком соответственно французский, фламандский (разновидность голландского) и немецкий, С другой стороны, оформлены институционально три региона как социально-экономические административные единицы (Фламандский регион, Валлонский регион, местными языками которого являются французский и немецкий, и двуязычный столичный округ Брюссель). Таким образом, в наиболее благополучной с социально-экономической точки зрения Фландрии регион и сообщество сливаются воедино.
Националистически настроенным фламандским политикам тесны рамки требований еще большей автономии территории и превращения Бельгии в конфедерацию, они выступают за выход Фландрии из состава бельгийского государства (консервативный Новый фламандский альянс, Фламандский интерес)  В валлонском движении за особую идентичность региона и защиту франкофонной культуры в рамках бельгийской федерации течение в поддержку независимости Валлонии является одним из наиболее молодых (оно зародилось в годы Второй мировой войны), попытки его сторонников создать и развивать институционально оформленные политические партии не увенчались электоральными успехами.
";Административные полномочия сообществ и регионов Бельгии, которые имеют свои правительства и парламенты, распространяются на сферы образования, культуры, социальной политики, поддержку семьи и детства, включая проблемы занятости и отдельные вопросы здравоохранения, местного управление, общественных работ, сельского хозяйства, природопользования и охраны окружающей среды, внешней торговли, частично – налогообложения. Эти полномочия не являются полностью гомогенными, что порождает постоянные споры и конфликты между федеральным правительством и властями субнационального уровня. В «подтексте» противостояния – разрыв в уровне социально-экономического развития и уровне жизни Фландрии и Валлонии (последний – дотационный регион, налоговые поступления перераспределяются в пользу Валлонии). ;50.61, 4.41;;101;202, 204;305
20;Бенин;;;;;;;;;;;;;
21;Буркина-Фасо;;;;;;;;;;;;;
22;Бангладеш;;;;;;;;;;;;;
23;Болгария;12;Болгария;;;;Болгарское большинство / турецкое и цыганское (рома) меньшинства;С 1920-х гг. руководство Болгарии периодически предпринимало попытки институционального взаимодействия с болгарскими турками. До 1944 г. правительство Болгарии стремилось поддержать религиозную идентичность и культурное своеобразие турок, чтобы нивелировать среди них влияние светского национализма (кемализма). В 1950-е гг. осуществлялась поддержка турецкой этнической идентичности в рамках принципа права нации на самоопределение. Начиная с 1960-х гг. партийно-политическое руководство Болгарии стремилось реализовать принцип «единой болгарской нации» на этнических основах. В 1982-1985 гг. был предпринят ряд репрессивных мер по «болгаризации» турок, которые привели к массовому оттоку турецкого меньшинства из страны. Постепенное изменение ситуации началось в начале 1990-х гг. В 1990 г. появилась этническая турецкая партия «Движение за права и свободы» (ДПС), которая установила и поддерживает традиционно хорошие отношения с центральным правительством и представлена в парламенте. В то же время, если турецкая сторона в целом может найти общий язык с большинством, что было озвучено в электоральной программе ДПС еще в 2001 г., то ситуация с цыганским меньшинством более сложная и конфликтная. В Болгарии цыгане по-прежнему живут сегрегированно от основной массы населения, нередко за ограждениями, возведенными на муниципальные средства. После демонтажа социалистической системы цыгане были исключены из программы реституции коллективизированных земель. Цыгане также сталкиваются с притеснениями со стороны органов правопорядка. В 2011 г. по городам Болгарии прокатилась волна антицыганских выступлений. По мнению болгарских социологов, негативное отношение к цыганам способствует сплочению разрозненных цыганских групп и формированию в их среде агрессивного этнического национализма.;"В 1998 г. Болгария присоединилась к Рамочной конвенции по делам меньшинств, хотя и не без осложнений (часть депутатов парламента выступила против и потребовала прояснить ее положения применительно к Конституции). В Конституции Болгарии есть общее положение: «не допускаются никакие ограничения в правах или привилегиях на основании национальности» (ст. 6, п. 2). Болгария участвовала в наднациональных программах «Рамочная программа по интеграции цыган» (1999 г.) и в программе «Decade of Roma Inclusion (2005-2015» (последняя осуществлялась при поддержке Всемирного банка и Института «Открытое общество»).
 В 2015 г. Болгария присоединились к европейскому проекту Atrium по исследованию и интерпретации наследия тоталитарных режимов.
";42.74, 25.43;;101;202, 203, 204;301
24;Бахрейн;;;;;;;;;;;;;
25;Багамские о-ва;;;;;;;;;;;;;
26;Босния и Герцеговина;13;Боснийский конфликт (Босния и Герцеговина);;;;Боснийцы-мусульмане / Сербы-православные (в меньшей мере хорваты-католики);Конфликт развился как следствие одной из проблем, связанных с распадом СФРЮ. Боснийские мусульмане в 1991 г. объявили о своем выходе из федерации. Боснийские сербы (православные), исторически проживавшие на территории Боснии, тяготея к Сербии, создали собственное территориальное образование – Республику Сербскую (1992 г.). Это положило начало военному столкновению (1992-1995 гг.), которое являлось острым политико-территориально конфликтом с этнорелигиозной окраской. После международного вмешательства по инициативе США и других западных стран в 1995 г. были заключены Дейтонские соглашения, согласно которым в Боснии и Герцоговине была осуществлена децентрализация. После этого военные действия были прекращены, и конфликт перешел в замороженное состояние.;Международное политическое и военное вмешательство, Дейтонские соглашения (1995 г., гарантами выступают полицейская миссия ЕС   и НАТО).  Для отслеживания имплементации Дейтонских соглашений создан Совет по выполнению Мирного соглашения (55 участников) и назначен Высокий Представитель по вопросам координации. Меры по межэтническому регулированию: организация на территории Федерации БиГ кантонов – территориальных единиц, где то или иное сообщество имеет большинство. Смешанным кантонам предоставлялся специальный режим. Республике Сербской в составе БиГ была предоставлена широкая автономия (включая внешнеполитическое представительство), властные полномочия разделены между национальными группами. Шаткость ситуации определяется сложной многоуровневой системой управления, где пересекаются интересы трех этнических общностей (боснийцев, сербов и хорватов). В условиях экономического спада и торможения евроинтеграции возможна повторная эскалация конфликта.;43.90, 18.36;;103;203, 204, 205;305
28;Беларусь;;;;;;;;;;;;;
29;Белиз;;;;;;;;;;;;;
30;Бермудские острова;;;;;;;;;;;;;
31;Боливия;46;Этно-расовый конфликт в Боливии;;;;Центральное правительство левого толка / оппозиционно настроенные региональные элиты правого толка, представляющие интересы богатых в социально-экономическом отношении регионов юга и юга-востока страны и белых испаноговорящих боливийцев;Боливия, где в настоящее время на площади свыше 1 млн. км2 проживает чуть более 10 млн. чел., отличается значительным культурным и этно-расовым разнообразием (белые составляют менее 15% населения, их абсолютное и относительное число сокращается). После победы в 2005 г. кандидата от леворадикальной партии «Движение к социализму» Эво Моралеса свое недовольство политикой новых властей выразило белое население т.н. полумесяца – 6 наиболее развитых и богатых природными ресурсами (прежде всего, природным газом) регионов юга и юго-востока страны. Прошедшие здесь в 2006 г. муниципальные референдумы и съезды муниципальных советов выступили с инициативой создать новое государственное объединение «Нацию равнин Боливии». Жесткое противостояние центральных и региональных властей с применением насилия со стороны правительственной армии и жертвами среди гражданских лиц окончилось конституционным кризисом и региональными референдумами в мятежных департаментах, которые были объявлены центральными властями нелегитимными. В 2008 г. президенту удалось провести референдум о доверии, результатом которого стала конституционная реформа. Несмотря на политические инициативы леворадикального президента Эво Моралеса (партия «Движение к социализму») присутствует значительное социальное неравенство белых боливийцев и индейского населения, среди которого высок уровень неграмотности (по показателю грамотности населения Боливия занимает последнее место в Латинской Америке).;С 1995 г. в рамках демократического транзита после периода правления военных режимов был начат процесс децентрализации формально унитарного боливийского государства (департаментам – регионам страны были предоставлены политические и экономические полномочия).  После победы на президентских выборах леворадикального кандидата Э.Моралеса (2005 г.) начались мероприятия центральных властей по национализации и перераспределению доходов в пользу бедных индейских территорий, однако уровень неравенства остается очень высоким. Боливия провозглашена многонациональным государством (изменения в Конституции 2009 г.), статус официального языка, помимо испанского, получили языки всех индейских народностей (37 языков). Индейскому населению гарантированы обязательное изучение индейских языков в школе, квоты представительства в органах государственной власти. Католицизм лишен статуса официальной религии (однако предложено почитать на государственном уровне богиню земледелия и плодородия древних индейцев кечуа Пачамаму как символ единения народа с природой). ;-16.97, -64.31;;101;201, 203, 202;301
32;Бразилия;47;Этно-расовый конфликт в Бразилии;;;;Различные этнические и расовые группы многорасового и полиэтничного бразильского общества;Многочисленное население Бразилии разнородно по составу и происхождению вследствие исторических причин (португальская колонизация, массовый завоз рабов из Африки, волны иммиграции из стран Европы и Азии). Как и в других бывших колониях Латинской Америки, этносы и расовые группы обозначаются термином «раса». При этом понятие расы лишается своего традиционного биологического значения и наполняется новым политическим смыслом – оно скорее говорит об индивидуальной, национальной и макрорегиональной принадлежности латиноамериканцев, их особой коллективной «расовой» идентичности, сложившейся в результате метисации и культурной гибридизации. По результатам переписей в Бразилии (вопрос о расовой принадлежности входит в опросник государственной переписи с 1940 г.) насчитывается пять основных расовых категорий согласно их самоидентификации в цвете кожи (белые, черные, желтые (азиаты монголоидной расы), коричневые (парду, т.е. бразильцы смешанного происхождения), индейцы). Белых и парду – (мулатов, метисов и кабокло (португало-индейских метосов) – примерно одинаково, и они составляют подавляющее большинство населения. Расовое неравенство в стране, где остро стоит проблема бедности, носит в основном социально-экономический характер, а расовая идентичность тесно связана с классовой.;В демократической Конституции 1988 г. расизм объявлен вне закона. В стране принята на государственном уровне и поддержана в обществе концепция «расовой демократии», которая лежит в основе политики противодействия расовому неравенству и расовой дискриминации прежде всего афро-бразильцев в образовании, сфере занятости и избирательной практике (система различных квоти аффирмативных акций). Тем не менее многие в Бразилии и за ее пределами отрицают отсутствие расизма и расовой дискриминации в бразильском обществе и считают, что власти, исходя из отсутствия  проблемы, не принимают эффективных мер по преодолению расовой дискриминации небелых граждан.;-15.79, -47.88;;102;201, 203, 202;301
33;Барбадос;;;;;;;;;;;;;
34;Бруней-Даруссалам;;;;;;;;;;;;;
35;Бутан;;;;;;;;;;;;;
36;Ботсвана;;;;;;;;;;;;;
37;Центрально-Африканская Республика;;;;;;;;;;;;;
38;Канада;45;Квебек (Канада);;;;Франкофонная община Квебека / Центральное правительство;Провинцию с начала XVII в. населяют потомки французских колонистов. Отличительные характеристики квебекской идентичности формирует язык и католическое вероисповедание. Квебек перешел под юрисдикцию Британской монархии в 1763 г. по итогам Семилетней войны, в статусе провинции вошел в состав Канадской федерации (1867).  «Тихая революция» 1960-х-70-х гг. стала периодом бурного экономического роста и утверждения национальной идентичности. В 1981 г. правительство провинции Квебек отказалось подписать новый Конституционный Акт, в 1987 г. было достигнуто соглашение об особом статусе провинции, с признанием англоязычных меньшинств в Квебеке и франкофонных меньшинств – за пределами провинции – неотъемлемыми характеристиками канадской нации. Референдумы, на которых ставился вопрос о независимости (1980, 1995 гг.), не принесли победы ее сторонникам, во втором случае – с минимальным преимуществом.;Провинция имеет особый статус (statut particulier). Политика языка (один официальный язык – французский, в 1977 г. принята Хартия французского языка). За Квебеком официально признан статус «нации внутри объединенной Канады» (2006). Развитие высоко технологичных производств, экономики знаний, за счет чего регион имеет сегодня привлекательный имидж динамично развивающейся территории.;52.81, -72.34;;102;203, 201, 202;301
39;Швейцария;;;;;;;;;;;;;
40;Чили;;;;;;;;;;;;;
41;Китай;42;Синьцзян-уйгурский автономный район (СУАР);;;;Центральное правительство / вооруженные группировки сепаратистов и общественные структуры, выступающие от имени уйгурского меньшинства ;"Уйгуры – тюркоязычный народ, исповедующий ислам; вторым заметным меньшинством являются монголы-ойраты, исповедующие буддизм, значительная их часть перековала на территорию современной Калмыкии.  Территория известна под названием Восточного Туркестана, была присоединена к Китаю в состав империи Цин в XVIII в. Неоднократные попытки добиться независимости были жестоко подавлены. В 1933 г. (гражданская война в Китае) была образована Тюркская Исламская Республика Восточный Туркестан (Республика Уйгуристан, до 1935 г.). Сильное влияние в регионе имел СССР. После ряда восстаний была образована вторая республика, в 1949 г. была присоединена к КНР. Начался процесс целенаправленного переселения на территорию бывшего Восточного Туркестана ханьского населения (в результате с 1% населения в начале 1950-х гг. численность выросла до более 40%). В 1955 г. был образован Синьцзян-Уйгурский автономный район. Уйгурское население в значительной части поддерживает борьбу за независимость (автономию) Восточного Туркестана и против засилья ханьцев в экономике и политике региона. Время от времени вспыхивающие массовые протесты против политики Центра (в частности, в 2008, 2009 гг.) подавляются. Широко применяются практики ограничений и запретов в религиозной сфере (в соблюдении поста во время Рамадана, посещения мечети детьми и др.) В регулировании ставка делается на экономическое развитие региона.
 Сепаратистская группировка «Исламское движение Восточного Туркестана» ведет борьбу за отделение от Китая террористическими методами. В 1992 г. создан национальный Конгресс Восточного Туркестана (ныне - Всемирный Уйгурский Конгресс), стоящий на позициях борьбы за автономию и против политики ассимиляции ненасильственными средствами. 
";"Экономическая политика, программы поддержки беднейших семей (стратегия социально-экономического развития региона, нацеленная на  повышение уровня жизни принята в 2014 г.). Программа безвозмездной помощи городов Китая – строительство объектов в СУАР силами городов других регионов. 
В то же время проводится политика ханизации высшего образования, сужение возможностей использования уйгурского языка в публичной сфере, ограничений и запретов в религиозной сфере.
";42.48, 86,12;;103;205, 202, 203, 201, 206;302
41;Китай;43;Тибет;;;;Движения за автономию (независимость) Тибета / центральное правительство;"После присоединения Китаем (1950) военным путем территории Тибета, беднейшего региона, населенного субэтническими группами тибетцев и находившегося под управлением далай-ламы, не прекращались антикитайские выступления массового характера. Сторонники независимости объединились в повстанческие движения Тибета. Движения за независимость Тибета активно действуют за границей, участвуют члены многочисленной диаспоры. Заметная часть координируется в рамах международной сетевой структуры «International Tibet Network», выступающей за ненасильственные пути борьбы за независимость. 
 Тибетский автономный район в нынешних границах образован в 1965 г., часть исторических территорий присоединена к другим провинциям КНР.  Далай-лама возглавил правительство в изгнании как преемника органов власти периода независимости от Китая (на территории Индии, с 1959 г.), в 2011 г. правительству были переданы политические функции, Далай-лама оставил за собой духовное лидерство тибетцев, выступает за «подлинную автономию» в составе КНР. Волнения с участием буддийских монахов и этнических тибетцев не прекращаются (вспышка в 2008 г.) Освещение истории Тибета – пример «войны памяти», столкновения тибетской и китайской трактовки истории региона.   
";"С середины 1980-х гг. в регионе проводится активная экономическая политика, в кадровой политике курс на продвижение местных кадров.
Политика ханизации не столь активна, как в СУАР, в том числе ввиду климатических условий и географии региона.
В то же время волнения подавляются силовым путем, сепаратистские движения квалифицируются как террористические.  
";31.49, 87.03;;102;203, 201, 202;301
42;Кот-д'Ивуар;;;;;;;;;;;;;
43;Камерун;;;;;;;;;;;;;
44;Демократическая Республика Конго;33;ДРК;;;;Выступающие от имени племенных групп вооруженные группировки / правительство и сепаратисты Катанги;В ДРК в активной фазе находится противостояние между различными этническими группами, в том числе в рамках одной народности. В ходе наиболее острой фазы межэтнического конфликта, принявшей форму гражданской войны, в 1998-2003 гг. погибло от 3 до 4 млн. чел. После заключения мирного соглашения в 2003 г. наблюдаются элементы позитивной динамики, однако в целом уровень конфликтности остается крайне высоким – на территории страны действуют вооруженные группировки. С момента установления независимости Конго в 1960 г. продолжается также конфликт, вызванный сепаратистским движением в южной провинции Катанга. Поддержку различным вооруженным формированиям, борющимся за ресурсы, в ходе Второй Конголезской войны 1998-2002 гг. оказывали внешние силы. После ухода с территории ДРК войск Уганды, Руанды и Бурунди они продолжают оказывать   поддержку вооруженным формированиям в ДРК, чтобы обеспечить незаконную добычу и контрабанду сырья. В то же время ряд конфликтующих группировок имеет религиозную основу, например, ГАС (Господня армия сопротивления), идеология которой состоит в установлении своего рода «библейского коммунизма», и исламистская «Объединенные демократические силы — Национальная армия освобождения Уганды».;"Заключение мирного договора 2003 г.; проведение в 2006 г. президентских и парламентских выборов под защитой миротворческой миссии ООН; внедрение демократических институтов; попытки перевода конфликта в русло межпартийной борьбы";-2.58, 23.33;;101;204, 206, 205;303
45;Республика Конго;;;;;;;;;;;;;
46;Острова Кука;;;;;;;;;;;;;
47;Колумбия;;;;;;;;;;;;;
48;Коморские острова;;;;;;;;;;;;;
49;Кабо-Верде;;;;;;;;;;;;;
50;Коста-Рика;;;;;;;;;;;;;
51;Куба;;;;;;;;;;;;;
52;Кюрасао;;;;;;;;;;;;;
53;Каймановы острова;;;;;;;;;;;;;
54;Северный Кипр;;;;;;;;;;;;;
55;Кипр;21;Кипрский конфликт;;;;Республика Кипр / Турция;Истоки конфликта лежат в межобщинном противостоянии греков-киприотов и турок-киприотов и кризисе государственности в Республике Кипр вскоре после предоставления Кипру независимости от Великобритании в 1960 г. Военное вторжение турецких войск на Кипр в 1974 г. привело к разделу острова на Север, контролируемый турками-киприотами, и Юг, контролируемый греками-киприотами. После нескольких лет существования квази-федерации, согласно мирному соглашению 1975 г., в 1983 г. была провозглашена Турецкая Республика Северного Кипра. Республика в экономическом, финансовом и военном отношении полностью зависит от Турции, на ее территории расположен турецкий военный контингент. Республика Кипр признана международным сообществом (за исключением Турции) как суверенное государство, Турецкая Республика Северного Кипра признана лишь Турцией и считается территорией, оккупированной турецкими войсками. Организация Исламская конференция предоставила Турецкой Республики Северного Кипра статус наблюдателя как часть федеративного государства. Демаркационная линия между греческой и турецкой частями острова охраняется контингентом Вооруженных сил ООН по поддержанию мира на Кипре.;В урегулирование кипрского конфликта вовлечены Республика Кипр, Турецкая Республика Северного Кипра (непризнанное государство), Греция, которая имеет воинские контингенты на острове, а также Великобритания, имеющая две военные суверенные базы на греческой территории Кипра, Европейский Союз, членом которого является Республика Кипр, НАТО (члены Греция, Турция и собирается стать Республика Кипр), и международное сообщество, прежде всего, в лице ООН. По инициативе Генерального Секретаря Кофи Аннана ООН разработала план проведения референдумов в обеих кипрских республиках по вопросу объединения в федеративное государство в составе двух автономных частей. План не содержал требование о выводе с острова турецких войск и разрешал проживание на Кипре переселенцев из Турции, что ставило под сомнение возможность возвращения на родину беженцев - этнических греков, поэтому был отвергнут в ходе голосования в 2004 г. большинством греков-киприотов. В 2014 г. Европейский Суд по правам человека постановил, что Турция должна выплатить 30 млн. евро за моральный ущерб родственникам арестованных турецкими оккупационными властями и пропавших без вести греков-киприотов, и 60 млн. за моральный ущерб блокированному на полуострове Карпасия греческому населению.;35.15, 32.98;;101;202, 203, 201, 204;301
56;Чешская Республика;;;;;;;;;;;;;
57;Германия;;;;;;;;;;;;;
58;Джибути;;;;;;;;;;;;;
59;Доминика;;;;;;;;;;;;;
60;Дания;;;;;;;;;;;;;
61;Доминиканская Республика;;;;;;;;;;;;;
62;Алжир;;;;;;;;;;;;;
63;Эквадор;;;;;;;;;;;;;
64;Египет;;;;;;;;;;;;;
65;Эритрея;;;;;;;;;;;;;
66;Королевство Испания;18;Галисия (Испания);;;;"Центральное правительство / региональные власти, а также часть политических элит и общества автономного сообщества Галисия
";Истоки конфликтности в Испании лежат в специфике государственного строительства и формирования испанской нации: раннее образование единого государства в результате Реконкисты, многовекового (VIII-XV вв.) процесса отвоевания у арабов земель на Пиренейском полуострове, и позднее формирование гражданской нации, фактически совпавшее по времени с подъемом периферийного регионального национализма в Стране басков, Каталонии, Галисии (в XIX в.). Так, галисийский национализм развивался от движения за сохранение единства Галисии в 1840-гг. в контексте инициированной реформы административно-территориального устройства Испании и разделения территории страны на провинции через литературное возрождение Rexurdimento в 1850-60-е гг. к  борьбе за федерализацию Испании и приданию Галисии статуса кантона в 1860-70 гг., к регионализму, а о него к движению за автономию Галисии в составе испанского государства и идее строительства гражданской нации. В годы Первой республики на референдуме в Галисии в июне 1936 г. получил поддержку текст автономного статута территории, республиканский парламент успел одобрить его в феврале 1938 г. в разгар Гражданской войны. В настоящее время Галисия - одно из 17 автономных сообществ Испании, обладающее широкими законодательными и административными полномочиями, один из наиболее бедных и малонаселенных регионов страны с проблемой старения населения в силу значительных потоков внутренней и внешней эмиграции и, соответственно, низкой рождаемости. Культурно-лингвистический национализм сочетается с фискальным (регион является дотационным). Галисийский язык имеет статус регионального.;"авовая основа регулирования – положения Конституции 1978 г., автономный статут Галисии, законодательство о межбюджетных отношениях и совместной деятельности центра и регионов в различных сферах. Решения по спорным вопросам выносит Конституционный Суд страны.
 Культурно-лингвистический национализм сочетается с фискальным (регион является дотационным). Галисийский язык имеет статус регионального.
";42.85, -7.94;;101;201, 202;301
66;Королевство Испания;19;Каталония (Испания);;;;"Центральное правительство / региональные власти, а также часть политических элит, бизнеса и общества автономного сообщества Каталонии
";"Каталонский инклюзивный национализм развивался от литературного возрождения XIX в. Renaixen?a в стиле шотландского романтизма через движение за автономию региона в составе единого испанского государства к признанию Каталонии нацией и сецессионизму под лозунгом создания независимого государства. В 1914 г. был создан орган регионального управления Манкомунитат Каталонии (прекратил свою деятельность в 1925 г. в годы военно-монархической диктатуры Примо де Ривера). В 1936 г. в период Первой республики Каталония получила права автономной области, было сформировано и работало до марта 1937 г. первое правительство автономии. Установление диктатуры Франко ликвидировало права автономии. Демократическая Конституция страны 1978 г. гарантировала права автономии территориям страны, Каталония получила права национальности в ""государстве автономий"", но в отличие от Страны басков и Наварры не обладает финансовой автономией. Каталанский язык имеет статус регионального на территории автономии. В настоящее время Каталония - одно из 17 автономных сообществ Испании, обладающее широкими законодательными и административными полномочиями, один из наиболее развитых в социально-экономическом отношении регионов страны, этнонационализм в этой автономии и приобрел характер главным образом фискального национализма. Каталанский язык имеет статус регионального.";Правовая основа регулирования – положения Конституции 1978 г., автономный статут Каталонии, текст которого требует одобрения национальным парламентом, законодательство о межбюджетных и совместной деятельности центра и регионов в различных сферах. Решения по спорным вопросам выносит Конституционный Суд страны. Наиболее острой сферой борьбы между Мадридом и Барселоном стало образование: сопротивление центра вызывает языковая политика в каталонских школах и попытки лишить испанский язык статуса обязательного для изучения, а также разработка новых учебных курсов и издание собственных региональных учебников по истории, целью которых является формирование именно региональной гражданской идентичности в Каталонии.;41.40, 2.16;;101;202, 203;302
66;Королевство Испания;20;Страна басков (Испания);;;;Центральное правительство и региональные власти / Часть политических элит и общества автономного сообщества Страны басков;Баскский национализм возник как воинствующе агрессивная клерикальная идеология, его чертами стали консерватизм, а порой и реакционность, тенденция к изоляционизму. Впоследствии он стал более инклюзивным: главным (высшим) признаком принадлежности к сообществу басков стало не кровное родство, а знание языка. В годы Первой республики баскские провинции получили автономию, которую упразднил франкистский режим. Радикальным проявлением баскского национализма во второй половине XX - начале XXI вв. становится вооруженный сепаратизм в лице этнической террористической группировки ЭТА. В постфранкистский период автономное сообщество Страны басков (Эускади) получило широкую политическую и финансовую автономию от центра, баскский язык получил статус регионального. Часть политических элит и общества Страны басков разделяют идеи сепаратизма и сецессионизма под лозунгом создания независимого государства. Страна басков - один из наиболее развитых в социально-экономическом отношении регионов страны.;Правовая основа регулирования – положения Конституции 1978 г., требующий одобрения национальным парламентом автономный статут Страны басков, двустороннее соглашение по экономическим вопросам, пересматриваемое каждые пять лет (Страна басков обладает финансовой независимостью от центра), законодательство о совместной деятельности центра и регионов в различных сферах. Решения по спорным вопросам выносит Конституционный Суд Испании. Языковая политика баскских властей претерпела изменения от попыток культурно-лингвистической дивергенции региона в общем политическом пространстве единого государства до понимания важности и необходимости сохранения двуязычия, прежде всего с социальной и экономической точек зрения. Этому способствовала и адекватная политика центральных властей, которые выделяли и продолжают выделять значительные финансовые средства для поддержки изучения баскского языка как регионального для испаноязычных работников социальной сферы (в частности здравоохранения).;43.03, -2.61;;101;201, 202;305
67;Эстония;;;;;;;;;;;;;
68;Эфиопия;;;;;;;;;;;;;
69;Финляндия;;;;;;;;;;;;;
70;Фиджи;;;;;;;;;;;;;
71;Фолклендские (Мальвинские) острова;;;;;;;;;;;;;
72;Франция;25;Корсика (Франция);;;;"Этнорегионалистские политические силы /  центральное правительство  
";"Корсика перешла к Франции в 1769 г. после аннексии Корсиканской республики французскими войсками и подписания соглашения с Генуэзской республикой (формально Корсика оставалась владением Генуи, фактически была независимой и имела собственную Конституцию). Ирредентистское движение, особенно активное в период фашизма в Италии, выступало за присоединение острова к Италии; в 1842 г. Корсика была оккупирована Италией при поддержке Германии; движение сопротивления поддержало силы французского армейского корпуса, освободившего остров в октябре 1943 г. С 1960-х гг. корсиканские сепаратистские группировки (Fronte di Liberazione Naziunale Corsu и др.) вели вооруженную борьбу против власти террористическими методами. В 2014 г. крупнейшая вооруженная группировка заявила о прекращении вооруженной борьбы. На последних выборах в местные органы власти (2015 г.) впервые более трети голосов получила коалиция этнорегионалистских сил «За Корсику» (Pe a Corsica), ее представители возглавили местные органы власти (Ассамблею и Совет региона). Большинство населения не поддерживает притязания сепаратистов, но широкой поддержкой пользуются идеи деволюции, с которыми выступают умеренные этнорегионалистские силы. В повестке дня противостояния с Центром – меры по экономическому развитию острова (одного из беднейших регионов), поддержка корсиканского языка, борьба вокруг отмены налоговых льгот для жителей острова и против массовой постройки второго жилья нерезидентами на «острове красоты» (туристический бренд острова, который живет в основном за счет туризма). ";Корсика имеет особый статус Территориальной общности (Collectivit? territorial de Corse, 1982), предоставляющий автономию в вопросах местного управления. Корсиканский язык (Corsu) имеет статус регионального (преподается в младших классах школы и по желанию в средней школе, в системе высшего образования в регионе), официальным языком является французский. Корсика получает поддержку в рамках национальных и европейских программ как бедный регион (каждый пятый житель живет за чертой бедности, уровень образования самый низкий во Франции). На референдуме 2003 г. предложение о слиянии двух департаментов региона (и, в рамках этого решения, предоставления большей автономии региону) было отвергнуто 51% голосов.;42.21, 9.14;;101;201, 202;304
73;Франческа Гайана;;;;;;;;;;;;;
74;Фарерские острова;;;;;;;;;;;;;
75;Микронезия, Федеративные Штаты;;;;;;;;;;;;;
76;Габон;;;;;;;;;;;;;
77;Великобритания;14;Северная Ирландия (Соединенное королевство Великобритании и Северной Ирландии);;;;Юнионисты (лоялисты) / «националисты» (республиканцы) / центральные власти Великобритании ;"История конфликта связана с английской колонизацией Ирландии и политикой в отношении населения Ирландии (в т.ч. конфискация земель), которая приводила к конфликтам и восстаниям. Конфликт связан с вопросом о статусе данного региона в составе Соединенного Королевства. Республиканские националистические организации, опирающиеся на часть местного католического сообщества (Ирландская республиканская армия, ИРА, политическое крыло – партия Шинн Фейн), стремились к достижению независимости Северной Ирландии от Соединенного Королевства и воссоединению с Республикой Ирландия. Община протестантов Северной Ирландии  (Демократическая юнионистская партия) при поддержке центральных властей отстаивает сохранение провинции в составе Соединенного Королевства. Острая фаза конфликта приходится на вторую половину XX в. Формально конфликт урегулирован Белфастским соглашением (""Соглашение Страстной пятницы"") 1998 г., де-факто  продолжается в латентной форме, грозит перерасти в активную фазу на фоне выхода Великобритании из состава Евросоюза, особенно учитывая заявления некоторых высокопоставленных представителей ЕС о возможности поддержки идеи воссоединения Ирландии в составе Европейского союза.";"Основа регулирования конфликта – «Соглашения Страстной Пятницы» (1998 г.) В рамках внедренной на основе этого соглашения модели «сообщественной демократии» (consociational democracy) страной совместно управляют ведущие политические силы, представляющие юнионистов (Демократическая юнионистская партия) и националистов (Шинн Фейн). Правительством Северной Ирландии приняты программы, направленные на установление согласия между различными группами общества и преодоление сегрегации (2005 г. – «Общее будущее», 2013 г. «Вместе: построение объединенного сообщества»). В 2015 г. принята стратегия, направленная на продвижение равенства между этническими группами (Racial Equality Strategy 2015 – 2025). Основной акцент - создание общих пространств для взаимодействия. В области образования реализуются инициативы, направленные на преодоление сегрегации; предлагается расширять возможности обучения детей в интегрированных школах (сегодня около 9% младших классов). Ирландский гэльский и шотландский гэльский языки имеют официальный статус языков меньшинств, закона, регулирующего использование языка, нет. 
 В связи с «брекситом» возрастает влияние ЕС как вовлеченного в конфликт внешнего актора, поскольку напряженность в Северной Ирландии может усилить ирредентистские настроения (актуализируется   возможность перехода конфликта в активную фазу).
";54.60, -6.53;;102;201, 202, 205, 206;304
77;Великобритания;15;Шотландия (Соединенное королевство Великобритании и Северной Ирландии);;;;Шотландские националистические движения / шотландские юнионисты / центральные власти Великобритании;В XIII и XIV в. Шотландия вела войны за независимость с Англией и оставалась отдельным государством. В начале XVII в. шотландский король унаследовал английскую корону и две страны, оставаясь независимыми, возглавлялись одним монархом. Формально Шотландия стала частью союзного государства Великобритании в 1707 г., когда был подписан Договор об Унии. Во второй половине XIX- первой половине XX вв. в Шотландии оформилось движение в поддержку самоуправления (т.н. Гомруль), на которое во многом повлияли процессы в Ирландии. В 1979 и в 1997 гг. прошли референдумы о деволюции, по результатам которых в 1999 г. были сформированы шотландские органы власти и управления, в первую очередь парламент с широкими полномочиями. В 2011 г. Шотландская национальная партия, ведущая политическая сила, которая выступала за деволюцию и за независимость Шотландии, получила абсолютное большинство на выборах в парламент, сформировала правительство и объявила о проведении референдума о независимости. По итогам референдума (2014) разрыв между сторонниками независимости (44,7%) и теми, кто проголосовал за сохранение Шотландии в составе Великобритании (55,3%), оказался относительно большим. В 2016 г., после референдума о выходе Великобритании из Европейского Союза, возобновились разговоры о необходимости проведения нового референдума о независимости Шотландии, т.к. большинство населения Шотландии выступает за сохранение членства в ЕС. Неопределенность, связанная с процессом выхода Великобритании из ЕС, оказывает влияние на политический процесс в Шотландии и потенциально несет угрозу целостности Великобритании.;"Регулирование вопросов о статусе Шотландии происходит в рамках институтов прямой демократии (референдумы о деволюции, референдум о независимости). Регулирование других вопросов, например, предотвращения дискриминации в отношении иммигрантов, происходит в рамках законодательства Великобритании (в настоящее время на основе ""Акта о равенстве"", принятого в 2010 г.).  В рамках деволюции Шотландия обладает собственными парламентом и правительством, правовой системой, системой образования, церковью, организованной по пресвитерианскому типу. Ее исполнительные полномочия достаточно широки, в ведении местного правительства правосудие, образование, здравоохранение, полиция, сельское хозяйство, транспорт, экономическое развитие. В политике идентичности большую роль играет социальная политика. Шотландия имеет иную по сравнению с другими «внутренними нациями» модель «социального государства», дающую гражданам больше возможностей социальной поддержки, бесплатное высшее образование при получении первого магистерского диплома для резидентов Шотландии и ЕС (в Англии – образовательные кредиты).";57.03, -4.31;;101;201;301
78;Грузия;;;;;;;;;;;;;
79;шерстяная фуфайка;;;;;;;;;;;;;
80;Гана;;;;;;;;;;;;;
81;Гвинея;;;;;;;;;;;;;
82;Гамбия;;;;;;;;;;;;;
83;Гвинея-Бисау;;;;;;;;;;;;;
84;Экваториальная Гвинея;;;;;;;;;;;;;
85;Греция;;;;;;;;;;;;;
86;Гренада;;;;;;;;;;;;;
87;Гренландия;;;;;;;;;;;;;
88;Гватемала;;;;;;;;;;;;;
89;Гуам;;;;;;;;;;;;;
90;Гайана;;;;;;;;;;;;;
91;Гонконг;;;;;;;;;;;;;
92;Острова Херд и Макдональд;;;;;;;;;;;;;
93;Гондурас;;;;;;;;;;;;;
94;Хорватия;;;;;;;;;;;;;
95;Гаити;;;;;;;;;;;;;
96;Венгрия;16;Венгрия;;;;Венгерское большинство / Цыганское (рома) меньшинство;"Исторически значительные группы цыган (три основных группы с разными диалектами) проживали на территории Венгрии (а также Румынии, Болгарии, Чехии, Словакии), практики регулирования до 1990-х гг. фактически отсутствовали. Составляют около 3% населения (данные переписи 2011 г., по оценкам – до 10%), ввиду высокой рождаемости численность быстро растет. Помимо различий в организации повседневной жизни и восприятия цыган как инокультурных носителей архаических культурных практик, в основе напряженности и скрытой (на бытовом уровне нередко – явной) дискриминации и сегрегации (особенно в системе школьного образования, приняты практики раздельного обучения) лежит социальное неблагополучие цыганского меньшинства, низкий уровень жизни, образования, массовая безработица; деятельность преступных этнических группировок.  ";"Остро стоит проблема бытовой дискриминации и сегрегации. Закон об образовании (1993) гарантирует права меньшинств; функционирует несколько школ для цыган. Институт медиаторов цыганского происхождения – помощников учителей. Активность международных фондов (фонд Сороса и др.).  До недавнего времени в ЕУ в Будапеште при содействии Института «Открытое общество» проводились различные интеллектуальные и экспертные мероприятия по цыганскому и другим вопросам прав меньшинств. Венгерские межэтнические проблемы курирует Верховный Комиссар по делам национальных меньшинств от ОБСЕ. Вопросами цыганской проблематики в Венгрии также занимается Бюро по демократическим институтам и правам человека ОБСЕ. При Совете Европы работает   Специальный комитет экспертов по вопросам цыган; принята Стратегия по цыганскому вопросу (2011).  ";47.17, 19.55;;101; 204, 202;301
97;Индонезия;;;;;;;;;;;;;
98;Остров Мэн;;;;;;;;;;;;;
99;Индия;28;Индо-ассамский конфликт (Индия);;;;"Центральное правительство / Различные группировки, борющиеся за автономию и независимость Ассама или отдельных его территорий от Индии (""Объединенный фронт освобождения Ассама"")";История конфликта напрямую связана с обретением Индией и Пакистаном независимости. Ущемление бенгальцев в Пакистане до 1971 года привело к тому, что те массово стали переселяться в близлежащие северные штаты Индии, в том числе и в Ассам. Это вызвало недовольство местного индуистского населения. Местные сепаратисты стали видеть в такой политике попытку центрального правительства изменить этнорелигиозный баланс населения. На это также наложилось представление о том, что Нью-Дели выкачивает ресурсы из штата, мешая ему свободно развиваться. Стали формироваться левонационалистические военизированные группировки, которые вступали в столкновения с индийскими регулярными формированиями. В 1990-х гг. в штате было временно введено прямое управление из центра и размещены регулярные войска. Неоднократно проводились административно-территориальные реформы.  Регулярно проводятся выборы в парламент штата.;Расширение политического представительства и ассамского фактора в политике штата, экономический рост Индии, децентрализованное распределение ресурсов, борьба с безработицей. Борьба центрального правительства с сепаратистскими группировками различного толка.;26.16, 92.76;;101;201, 202, 205;302
99;Индия;29;Бодоланд;;;;Центральное правительство /  сепаратистские военизированные и террористические группировки Бодоленда;Оказавшись в треугольнике конфликта ассамских группировок-мусульман и центрального правительства, представители народности бодо в штате Ассам с конца 60-х начал выдвигать требования преобразовать районы их компактного проживания в отдельный штат. Не добившись этого, бодо стали организовывать военизированные и террористические группировки, однако акции прямого действия не привели к изменению ситуации. В 2003 г. в результате подписания соглашения между центральным правительством, правительством штата Ассам и выступающий от имени интересов народа бодо   организации Тигры освобождения Бодоленда в составе штата Ассам создана этнотерриториальная автономия (Территориальный автономный округ Бодо) со своим официальным языком (бодо). Бодоленд – одна из беднейших аграрных территорий страны.;Борьба центрального правительства с военизированными сепаратистскими группировками различного толка (Национально-демократический фронт Бодоланда Фронт освобождения Бодоленда, Силы безопасности бодо, Тигры освобождения Бодоланда и др.), предоставление прав территориальной автономии и особого статуса Бодоланду – территории в штате Ассам, месту компактного проживания народности бодо (соглашение 2003 г. между федеральным правительством, властями штата и Тиграми освобождения Бодоланда). Боевики Тигров прекратили вооруженную борьбу и вошли в состав Территориального совета Бодоланда. Конфликт утратил форму вооруженного противостояния.;22.50, 71.71;;101;201, 202, 205, 203, 204;304
99;Индия;30;Кашмирский конфликт (Индия, Пакистан);;;;Индия и союзные силы / Пакистан и союзные силы / Китай;Последствия подготовленного и проведенного властями метрополии раздела территорий между Индией и Пакистаном дали о себе знать сразу после провозглашения независимости в 1947 г., когда конфликт между представителями мусульманского большинства и индуистами в Кашмире привел к кровавой бойне и массовой гибели людей. Мусульманские группировки пытались включить весь штат в состав Пакистана и вовлечь последний в открытое противостояние с Индией. Местные политические элиты во главе с махараджей обратились за помощью к центральному правительству. Это стало прологом к Первой индо-пакистанской войне (1947-48), где кашмирский фактор стал ключевым. Итогом войны стало разделение штата на две примерно равные части между Индией (Джамму и Кашмир) и Пакистаном (Северные территории). В 1947 г. на юге пакистанской территории был провозглашен Азад Кашмир (свободный Кашмир) – самоуправляемая территория, де факто провинция под контролем Пакистана. Два последующих    индо-пакистанских военных конфликта (1965, 1971 гг.) не привели к урегулированию противостояния, по итогам второй войны на территории бывшего Восточного Пакистана было провозглашено образование государства Бангладеш. В 1990-е гг. на территории штата активизировались радикальные группировки исламистов, выступающие за присоединение к Пакистану или за выделение в состав отдельного государства. Каргильская война (1999 г.) на границе штата закончилась победой Индии. Боевики продолжают нападения на ВС Индии и госучреждения на территории штата и за его пределами. Эти действия сводят на нет попытки наладить диалог между двумя государствами по кашмирской проблеме, которые предпринимает нынешний глава правительства Индии Н. Моди.;Штат имеет особый статус, определенный в Конституции Индии (ст. 370): законодательная деятельность Центра должна получить поддержку в законодательном собрании штата, особый статус имеют и коренные жители - граждане штата на владение недвижимостью (позитивная дискриминация), что создает проблему обособленности и актуализирует вопрос об отмене статьи 370.  ;33.98, 76.18;;103;201, 205, 206;306
100;Кокосовые острова;;;;;;;;;;;;;
101;Остров Рождества;;;;;;;;;;;;;
102;Британская территория Индийского океана;;;;;;;;;;;;;
103;Ирландия;;;;;;;;;;;;;
104;Иран;;;;;;;;;;;;;
105;Ирак;;;;;;;;;;;;;
106;Исландия;;;;;;;;;;;;;
107;Израиль;;;;;;;;;;;;;
108;Италия;17;Больцано (Южный Тироль);;;;Этнорегионалистские политические силы / правительство автономной провинции;"До 1918 г. территории входили в состав Австро-Венгрии, около 90% населения говорило на немецком (данные переписи 1910 г.). Подъем ирредентистского движения (за присоединение к Италии) возглавили представители итальянской интеллигенции; одни из лидеров движения, Чезаре Баттисти, депутат парламента Австрии, был казнен австрийским командованием в 1916 г. «за измену» (национальный герой Италии). По итогам послевоенного урегулирования Южный Тироль вошел в состав Италии, в годы фашизма проводилась политика жесткой итальянизации, большинство немецкоговорящего населения выехало на территорию Третьего рейха, после войны значительная часть возвратилась в Южный Тироль. Вплоть до 1970-х гг. проводилась политика “мягкой” итальянизации с переселением итальянского населения из других регионов и доминирующим положением итальянского языка. Сепаратистские вооруженные группировки организовали в этот период серию террористических актов (в основном против объектов инфраструктуры региона). В 1972 г. провинция получила автономный статус с широкими полномочиями самоуправления и фискальной автономии. В регионе действует несколько автономистских партий регионального уровня; наиболее влиятельная Народная партия Южного Тироля сегодня выступает с позиций поддержки автономии в составе Италии и защиты интересов всех граждан региона. Динамичное социально-экономическое развитие способствует поддержанию политической стабильности в регионе.";В основе снижения уровня противостояния и урегулирования конфликта – динамичное развитие экономики региона (1 место по ВВП на душу населения, данные 2014 г.) и статус автономной провинции (в составе автономного региона Трентино-Альто Адидже), позволяющий реализовывать модель бюджетной автономии и иметь широкие права в области законодательного регулирования. В регулировании ключевую роль играет активная культурная и языковая политика, проводимая при поддержке Центра (официальные языки итальянский и немецкий, ладинский имеет статус официального в коммунах с компактно проживающим ладинским населением), высоко развитая социальная сфера. Нейтральная позиция Австрии также способствовала деполитизации исторического противостояния между немецкоговорящей и италоговорящей общинами.  Хотя тесного взаимодействия между тремя общинами нет, и латентый потенциал конфликта сохраняется, активно действуют небольшие регионалистские партии, в целом в Италии конфликт воспринимается как решенный, а за пределами Италии – как модель преодоления межэтнической напряженности путем последовательной автономизации и стимулирования инновационного развития.;46.72, 11.33;;103;201, 206;302
109;Ямайка;;;;;;;;;;;;;
110;Джерси;;;;;;;;;;;;;
111;Иордания;;;;;;;;;;;;;
112;Япония;;;;;;;;;;;;;
113;Ледник Сиачен;;;;;;;;;;;;;
114;Казахстан;3;Казахстан;;;;Этнические, территориальные и клановые сообщества и группы интересов / Центральная власть Казахстана;Конфликт начался в 1992 г. после распада СССР и носил многоплановый характер. Из-за проводимой государством политики на протяжении 1990-х – 2000-х гг. происходило «мягкое», но последовательное выдавливание из страны русского населения, что привело к существенному изменению этнического состава Казахстана, доля казахов в общей численности населения достигла примерно 70%. Конфликт между городским и сельским населением приобрел этнополитические черты из-за того, что часть сельского населения считает себя «настоящими казахами» и воспринимает многих представителей городского населения как утративших «казахскую идентичность». Обострение напряженности произошло в 2015-2016 гг. после демонстраций в крупных городах и террористических актов.;Политика множественной идентичности (казахская, казахстанская, евразийская), языковая политика (русский язык официально употребляется наряду с казахским в органах госвласти м местного самоуправления), политика памяти (новые праздники – День благодарности – благодарность коренному населению за гостеприимство и помощь в годы репрессий и депортаций), активная символическая политика. Дотации регионам, участие в ЕАЭС.;48.25, 68.93;;102;204, 206;301
115;Кения;;;;;;;;;;;;;
116;Киргизстан;4;Север - Юг Киргизии;;;;Этнические, клановые и субрегиональные группы интересов / Центральная власть Киргизии;Противостояние этнотерриториальных и клановых группировок вылилось 2005 и 2010 гг. в насильственную смену власти («цветные революции» - «революция тюльпанов» 2005 г., «апрельская революция» 2010 г.) ;"Представительство во власти различных кланов, объединяющие исторические мифы («родина кочевничества»), символическая политика (героизация Манаса как объединителя киргизов). 
Участие в ЕАЭС.
";41.46, 74.40;;102;204, 202, 206;305
116;Киргизстан;5;Большинство - меньшинство Киргизии;;;;Киргизское большинство / Узбекское меньшинство (Ош);«Цветные» революции 2005 и 2010 гг., вызванные низким уровнем жизни большинства населения и борьбой за власть между кланами севера и юга Киргизии.;Межэтнический, межконфессиональный диалог не ведется.;42.46, 75.40;;102;204, 202, 206;305
116;Киргизстан;6;Юг Киргизии;;;;Киргизское большинство / узбекское меньшинство ;Ошские события (1990 г.) и киргизско-узбекский конфликт на юге Киргизии (2010 г.). В настоящее время противостояние между кланами сохраняется, проявляется в виде размежеваний в парламенте различных политических групп.;"Узбекский язык используется ограниченно в дошкольном (детсады) и школьном (узбекско- язычные школы) образовании.
 Принята Концепция укрепления единства народа и межэтнических отношений (2013).
";40.11, 73.07;;102;202;301
117;Камбоджа;;;;;;;;;;;;;
118;Кирибати;;;;;;;;;;;;;
119;Сент-Китс и Невис;;;;;;;;;;;;;
120;Южная Корея;;;;;;;;;;;;;
121;Косово;;;;;;;;;;;;;
122;Кувейт;;;;;;;;;;;;;
123;Лаосская Народно-Демократическая Республика;;;;;;;;;;;;;
124;Ливан;;;;;;;;;;;;;
125;Либерия;;;;;;;;;;;;;
126;Ливия;34;Гражданская война в Ливии;;;;Вооруженные группировки, представляющие племенные группы / международных террористические организации (включая ИГИЛ) / квазигосударства на территории Ливии;"Ливия – независимое государство с 1951 г. (территории современной Ливии были под властью Оттоманской империи, затем – Италии (1912), после II Мировой войны – Франции и Великобритании. Объединяет три территории – Триполитанию (север, побережье), Киренаику (восток, нефтеносный регион) и Феццан (зона пустыни внутри страны). В 1969 – 2011 г. режим диктатуры «лидера ливийской революции» М. Каддафи с особой формой правления – Джамахирией, опиравшейся на «революционные комитеты» на местах, в экономике – на доходы от добычи нефти. В начале 2011 г. на волне «арабской весны» начались антиправительственные выступления, поддержанные бомбардировками западных союзников. После убийства Каддафи в октябре 2011 г. вооруженное насилие пошло на спад, страна разделилась на несколько контролируемых разными силами территорий. Новая волна гражданской войны поднялась в 2014 г. В настоящее время Правительство национального единства (во главе с Президентским советом, создано в конце 2015 г.) признано значительной частью международного сообщества. В Триполи также базируется противостоящее ему Правительство национального спасения, альтернативный центр власти базируется в Тобруке на востоке страны. Противостояние вокруг нефтяных ресурсов придает конфликту дополнительную остроту; экономическая и социальная инфраструктура Ливии разрушена.  На севере воюют военизированные исламистские группировки. Важнейшей составляющей конфликта является вовлеченность племенных группировок берберов (которые дискриминировались режимом Каддафи), туарегов (имевшим поддержку режима), тубу.";В конце 2015 г. при поддержке ООН создано временное Правительство национального единства (премьер-министр Ф. Сарадж), располагается на территории военной базы в Триполи. Сосуществует с рядом других самопровозглашенных на территориях бывшей Джамахирии органов власти. В основе конфликта – борьба за ресурсы.;28.95, 17.37;;101;204, 206;303
127;Санкт-Люсия;;;;;;;;;;;;;
128;Лихтенштейн;;;;;;;;;;;;;
129;Шри-Ланка;32;Тамило-сингальский конфликт (Шри Ланка);;;;Официальное сингальское правительство / Тамильские организации, в том числе и радикальные и военизированные группировки;Сингалы и тамилы не являются родственными народами, язык первых относится к индоевропейской семье, вторых -дравидской.  Первые в большинстве своем являются адептами буддизма, а тамилы-индуизма.  В период существования Британской колониальной империи на Цейлоне местное тамильское население за свою лояльность получило непропорционально высокое политическое представительство, которое после обретения Цейлоном независимость, начало сокращаться из-за целенаправленной политики сингальского большинства. Тамильский язык был лишен официального статуса, книги, фильмы на нем запрещены. В 70-е гг. формируется политическое движение тамилов, стремящееся ненасильственными методами добиться независимости от центрального правительства. Однако, категорический отказ центрального правительства идти на уступки и жесткие акции устрашения в отношении дравидского народа, в том числе и регулярные погромы мест компактного проживания, привели к радикализации тамильского движения. Гражданская война формально началась в 1983 г. Тигры Тамил Илама вели ее изначально в формате партизанской войны и терроризма. Конфликт продолжался до 2009 г. с переменными успехами, но попытки вести регулярную войну с центральным правительством привела к разгрому сил группировки и к окончательному поражению сепаратистов.;Жесткое подавление сепаратистского движения и конец вооруженного конфликта (2009 г.), распущено движение Тигры освобождения Тамил-Илама.  Деятельность Комиссии по обобщению уроков конфликта и примирению при Президенте. Возвращение тамильскому языку официального статуса. Налаживание политического диалога в представительном органе (партия Тамильский национальный альянс).;7.37, 80.76;;103;201, 203, 204, 205, 206;301
130;Лесото;;;;;;;;;;;;;
131;Литва;;;;;;;;;;;;;
132;Люксембург;;;;;;;;;;;;;
133;Латвия;;;;;;;;;;;;;
134;Macao;;;;;;;;;;;;;
135;Сен-Мартен (французская часть);;;;;;;;;;;;;
136;Марокко;35;Западная Сахара;;;;Центральная власть Марокко / Фронт ПОЛИСАРИО (арабо-берберские кочевые племена – сахаруи);"До 1975 г. Западная Сахара была испанской колонией, часть территории отошла Мавритании, южная часть – Марокко. В 1976 г. провозглашена независимость ЗС; в 2005 г. провозглашено создание Сахарской Арабской Демократической Республики, частично признанное (в том числе соседними Мавританией И Алжиром) государство под контролем фронта ПОЛИСАРИО. Марокко не признает САДР, на территории ЗС введены войска, часть территории находится под контролем ПОЛИСАРИО (столица – Тифарити). Новая Конституция, принятая в 2011 г. и значительно расширяющая права регионов, нацелена на экономическую и политическую интеграцию ЗС в состав Марокко. Наличие в ЗС нефтяных месторождений привело к вовлечению в конфликт внешних участников, для которых благоприятным видится отделение региона от Марокко.";Язык хассания (разговорный арабский язык Западной Сахары) согласно Конституции рассматривается как часть марроканской идентичности. Предпринимаются попытки перевода конфликта в русло политической борьбы (проведение региональных выборов). Комиссия по правам человека ООН осуждает инициативы, исключающие Западную Сахару из процесса принятия важных решений (например, заключенные с Марокко в 2001 г. соглашения о разведке и добычи нефти на территории Западной Сахары).;25.52, -13.20;;103;206, 202, 203;302
136;Марокко;36;Марокко;;;;Центральная власть Королевства Марокко / Берберские группировки;Для Марокко характерно наложение диспропорций в региональном развитии на противоречия между различными в лингвистическом, этнокультурном и цивилизационном отношении группами, прежде всего арабами и берберами. Берберы являются автохтонной группой и составляют около 45-60% населения страны, сохраняя свою лингвистическую и культурную идентичность. В годы французского протектората властями проводились политика стимулирования противоречий между этими группами, конфликтов между более обеспеченным городским, преимущественно арабским населением и проживавшими в экономически отсталых районах сельскими жителями – берберами. После перехода к демократическим выборам в стране произошло переосмысление роли берберов в строительстве марроканской государственности, прежде всего благодаря деятельности Берберского культурного движения, что внесло значительный вклад в учет их интересов властями. Шаги по поддержке институализированного берберского движения служат для государства в т.ч. цели защиты от распространения в стране мусульманского фундаментализма. В целом, политика нациестроительства способствовала некоторой этнополитической стабилизации, однако недовольство берберов своим положением остается высоким, и активно идет процесс их радикализации. В октябре 2016 – начале 2017 г. в стране наблюдается резкий рост уровня конфликтности, прежде всего со стороны племен области Риф, призывы к воссозданию Рифской республики (существовала на севере страны в 1920-е гг.), активисты сепаратистского движения были арестованы.;"Расширение роли демократических институтов и процедур; конституционная реформа 2011 г. Содействие возрождению берберской культуры и языка, создание Королевского института берберской культуры (2001), деятельность ассоциаций по защите берберского языка и культуры. Берберский язык (амазиг) получил статус официального (2011).";31.88, -6.74;;101;202, 203;305
137;Монако;;;;;;;;;;;;;
138;Молдавия;7;Гагаузия;;;;Население Гагаузии / центральная власть Молдовы;"В августе 1990 г. Гагаузия провозгласила государственную независимость, из Молдовы на подавление движения за независимость были направлены силы добровольцев и милиции. Гражданскую войну удалось предотвратить (при участии сил Советской армии), в течение последующих трех лет Республика Гагаузия существовала в статусе непризнанного государства. Этнотерриториальная автономия гагаузов создана в 1994 г. на основе согласия принять предложенный центральным правительством статус. При этом на референдуме 2014 г. поддержана (практически плебисцитарным голосованием) возможность изменения статуса в случае изменения международно-правового статуса самой Молдовы; против вступления в ЕС высказались на референдуме более 97% избирателей (референдум признан в Молдове незаконным). Требование федерализации Молдовы (на основе объединения трех субъектов, которых представляет Кишинев, Комрат и Тирасполь) и более равномерного перераспределения экономических ресурсов (Гагаузия – беднейший регион страны) остаются в центре политических разногласий. Недовольство вызывает языковая политика Кишинева: так, обострение противостояния в 2011 г. было связано с признанием неудовлетворительными результатов экзамена гагаузских выпускников по молдавскому (румынскому) языку. В результате переговоров был достигнут компромисс, признана необходимость улучшения преподавания молдавского языка; обучение и делопроизводство ведется в основном на русском языке. В основе потенциального роста конфликтности – социально-экономическое неблагополучие региона.";Статус этнотерриторальной автономии Гагауз-Ери (1994), гарантированное представительство гагаузов в парламенте Молдовы, признание официального статуса гагаузского и русского языков наряду с молдавским (румынским).;46.20, 28.72;;103;206, 202, 205;304
139;Мадагаскар;;;;;;;;;;;;;
140;Мальдивы;;;;;;;;;;;;;
141;Мексика;;;;;;;;;;;;;
142;Маршалловы острова;;;;;;;;;;;;;
143;Македония;22;Македоно-албанский конфликт;;;;Македонское большинство / Албанское меньшинство;Во времена СФРЮ в 1968 г. македонские албанцы потребовали создания в составе Югославии албанской республики на основе получившего автономию Косово. Опасаясь роста албанского этнического национализма, македонские власти в 1980-е гг. проводили идеологические кампании против албанских националистов, которые со временем приняли антиалбанский характер. После распада СФРЮ были приняты законы, согласно которым албанцы обрели возможность участвовать в управлении страной (в том числе на высшем уровне) и получать высшее образование на родном языке. Тем не менее, реформы местного самоуправления и автономии, равно как и расширение участия этнических албанцев в руководстве страной, шли медленно и тормозились македонской стороной. Конфликт развернулся и вокруг текста Конституции, в преамбуле которого прописывался характер Македонии как «государства македонского народа» (славян). Радикализация части албанского сообщества и рост сепаратистских настроений привели к трениям, которые в 2001 г. вылились в открытые столкновения. Нарастание противоречий в 2015 г. едва не привели к гражданской войне. Весной 2017 г. в столице Македонии Скопье вновь вспыхнули беспорядки, связанные с выбором спикером парламента этнического албанца.;После подписания Рамочного соглашения (2001 г.) вопросами урегулирования занимался Высокий представитель ЕС по общей внешней политике и политике в области безопасности, участвуют также  контрольная миссия ОБСЕ, структуры НАТО, работает «челночная дипломатия» между руководством ЕС и Скопье.  В регулировании используются инструменты образовательной и языковой политики (официальный мультиязыковой университет на территории Македонии, где проживают албанцы, был открыт в 2001 г. как Юго-Восточный Европейский университет). Реформы местного самоуправления и автономии, расширение участия этнических албанцев в руководстве страной.;41.64, 21.80;;102;203, 204, 202;302
144;Мали;;;;;;;;;;;;;
145;Мальта;;;;;;;;;;;;;
146;Мьянма;;;;;;;;;;;;;
147;Черногория;;;;;;;;;;;;;
148;Монголия;;;;;;;;;;;;;
149;Северные Марианские острова;;;;;;;;;;;;;
150;Мозамбик;;;;;;;;;;;;;
151;Мавритания;;;;;;;;;;;;;
152;Монсеррат;;;;;;;;;;;;;
153;Маврикий;;;;;;;;;;;;;
154;Малави;;;;;;;;;;;;;
155;Малайзия;;;;;;;;;;;;;
156;Намибия;;;;;;;;;;;;;
157;Новая Каледония;;;;;;;;;;;;;
158;Нигер;;;;;;;;;;;;;
159;Остров Норфолк;;;;;;;;;;;;;
160;Нигерия;37;Север – Юг Нигерии;;;;Вооруженные группировки северных территорий Нигерии / Южные штаты и правительство Нигерии;Богатая нефтью и самая многонаселенная страна Африки (120 млн чел.), 250 лингвистических групп, 3 основных (хауса, йоруба, игбо). Объединение территорий Севера (мусульмане) и Юга (христиане) под эгидой британской колониальной администрации (1914 г.), которая опиралась на местных правителей. Глубокие размежевания между религиозными общинами поддерживалось территориальными разделами между тремя частями страны, населенных разными племенами (Север, Запад, Восток) в результате административной реформы (1947 г.). Независимость получила в 1960 г. Межрелигиозные противоречия наложились на межэтнические противостояния. Введение законов шариата на Севере привело к исходу христиан из этих районов страны. Межэтнические и межрелигиозные противоречия усиливаются тяжелым социально-экономическим положением населения, несмотря на значительные доходы от нефтедобычи.;Введена система перераспределения доходов от нефтедобычи и добычи полезных ископаемых   между территориями, однако она подвергается жесткой критике как несправедливая и коррумпированная.;9.39, 7.74;;103;202, 205;303
161;Никарагуа;;;;;;;;;;;;;
162;Ниуэ;;;;;;;;;;;;;
163;Нидерланды;;;;;;;;;;;;;
164;Норвегия;;;;;;;;;;;;;
165;Непал;;;;;;;;;;;;;
167;Новая Зеландия;;;;;;;;;;;;;
168;Оман;;;;;;;;;;;;;
169;Пакистан;;;;;;;;;;;;;
170;Панама;;;;;;;;;;;;;
171;Питкэрн;;;;;;;;;;;;;
172;Перу;;;;;;;;;;;;;
173;Филиппины;;;;;;;;;;;;;
174;Палау;;;;;;;;;;;;;
175;Папуа - Новая Гвинея;44;Новая Гвинея;;;;Центральные правительства Индонезии, Папуа-Новой Гвинеи / сепаратисты-автохтоны;"История конфликта напрямую связана с процессом деколонизации и уходом королевства Нидерланды от прямого контроля своих бывших владений на территории современной Индонезии. В 1949 г. Нидерланды и индонезийские националисты в Гааге на круглом столе договорились об условиях независимого существования новообразованного индонезийского государства. По итогам переговоров Нидерланды оставили за собой территорию Западной Новой Гвинее, где были размещены регулярные воинские контингенты. В дальнейшем националистическое правительство Индонезии во главе с Сукарно, руководствуясь доктриной панча сила, стало проводить активную субимпериалистическую политику, пользуясь противостоянием США и СССР в регионе. При поддержке СССР Индонезия в 1960 г. пошла на военное столкновение с Нидерландами, которое завершилось в 1962 г. подписанием Нью-Йоркских соглашений, по условиям которых Западная Новая Гвинея временно передавалась под управление ООН, затем в регионе должен был пройти референдум о его дальнейшем статусе. В 1969 году Индонезия смогла сфальсифицировать результаты референдума, допустив до голосования лишь 1025 специально отобранных лидеров фратрий и общин. Бороться против индонезийской политики в Западной Новой Гвинее начало Движение за свободное Папуа. В 1971 году лидеры движения создали альтернативное правительство, объявили независимость Западной Гвинеи и приняли конституцию. Примерно в это же время началась активная фаза противостояния сепаратистов и центрального правительства Индонезии. Движение за свободное Папуа устраивало террористические акты, проводило захват заложников, разрушало коммуникации, активно боролось с американской компанией Фрипорт, добывающей медь в регионе. Ответные меры со стороны Джакарты были жесткими: захват племенных старейшин в качестве заложников, бомбардировки мест предполагаемой дислокации партизан, массовое переселение населения с острова Явы (более 2 млн человек) в Западную Новую Гвинею, пересмотр границ региона (Западная Новая Гвинея была разделена на две провинции). Боевые столкновения продолжаются до сегодняшнего дня.

В 2014 году сепаратисты создали альянс организаций Объединенное освободительное движение Западного Папуа, которая начала искать активно внешние контакты. Именно это стало одной из причин широкого внимания в последние годы со стороны различных международных организаций и локальных движений к проблеме нарушения прав коренного населения Западной Новой Гвинеи. В августе 2017 года представители Объединенного освободительного движения планируют подать петицию о проведении справедливого референдума в регионе в ООН. Петиция одобрена парламентариями целого ряда стран.";"Унификационная политика Джакарты, новое административное деление региона, переселение индонезийцев из перенаселенных районов в Западную Новую Гвинею, прямой военный контроль региона.

Декларации малых тихоокеанских государств о поддержке Западной Новой Гвинеи, постепенное усиление международного давления на правительство Индонезии по вопросам проблем региона (к примеру, в мае 2017 года парламентарии Новой Зеландии подписали документ о своей поддержке идеи проведения референдума в Западной Новой Гвинеи).

";-5.85, 144.05;;103;204, 201, 202;302
176;Польша;;;;;;;;;;;;;
177;Пуэрто-Рико;;;;;;;;;;;;;
178;Северная Корея;;;;;;;;;;;;;
179;Португалия;;;;;;;;;;;;;
180;Парагвай;;;;;;;;;;;;;
181;Государство Палестина;;;;;;;;;;;;;
182;Французская Полинезия;;;;;;;;;;;;;
183;Катар;;;;;;;;;;;;;
184;Румыния;23;Трансильвания (Румыния);;;;Румынское большинство / венгерское меньшинство;Сутью конфликта является столкновение интересов румынского большинства и этнически мобилизованного венгерского меньшинства (сегодня венгры составляют около 20% населения региона), долгое время он носил политико-территориальный характер. В период 1918-1947 гг. статус территории сменился 4 раза, соответственно менялся статус венгров и румын. В первый социалистический период (1947-1965 гг.) правительство реализовывало советский принцип права наций на самоопределение. В 1947-1959 гг. в университете г. Клужа – главном интеллектуальном центре Трансильвании – преподавание велось исключительно на венгерском языке. В 1962 Сегедский университет был назван в честь венгерского поэта Йожефа Аттилы. Во второй социалистический период (правление Чаушеску, 1965-1989 гг.) политика по отношению к меньшинствам приняла националистический характер (венгры как «румыны венгерского происхождения»). Автономия венгров (секеи) на востоке Трансильвании была ликвидирована. Революция 1989 г. началась именно среди венгерского меньшинства Трансильвании, была создана этническая венгерская партия «Демократический союз венгров Румынии» (1989 г.). Венгерское меньшинство политически разделено на две неравные части – умеренные (большая) и радикалы (меньшая). Первая часть требует национально-культурной автономии (в частности, преобразование Университета в Клуже в венгерский), вторая – признание венгров вторым конституирующим румынское государство народом и выделение отдельного территориального венгерского образования в Трансильвании. В 2009 г. на севере в районе исторического компактного проживания венгров провозглашена не признанная Центром автономия Секуйский край.;"Регулирование опирается на Закон о выборах (1992 г., организация политического представительства для меньшинств) и Закон об образовании (1995 г., возможность получения ими образования на родном языке, соотнесен с Европейской рамочной конвенцией). В 1996 г. венгры впервые в истории были представлены в румынском парламенте; было начато расширение сети средних школ для детей венгров, создание университетских колледжей с венгерским языком и подготовка новых учебников (в рамках сотрудничества румынского правительства и Всемирного банка). Права меньшинств гарантированы Конституцией. Департамент по межэтническим отношениям – подразделение правительства Румынии (поощрение культурного и информационного пространства на венгерском языке (7 театров, более 20 радиостанций и телепрограмм, более 100 газет и журналов), есть сеть неправительственных организаций по поддержанию венгерской культурной самобытности). Межэтнические проблемы курирует Верховный Комиссар по делам национальных меньшинств от ОБСЕ, стабилизирующую роль играет членство Румынии в ЕС.";45.93, 24.98;;102;201, 203, 206;301
185;Российская Федерация;;;;;;;;;;;;;
186;Руанда;38;Конфликт хуту и тутси (Руанда, Бурунди, Уганда, ДРК, Танзания);;;;Сообщество хуту / Сообщество тутси;Основные стороны конфликта – народность (племенное сообщество) тутси, составляющие меньшинство (около 14%), но традиционно доминировавшие в политике и экономике страны, и народность хуту (составляющие 85% населения). В колониальный период осуществлялась дискриминация хуту по этническому признаку (как более низкорослых). После провозглашения независимости (до 1962 г. Руанда была колонией Бельгии) хуту вытеснили тутси с монопольных позиций в органах власти и управления, начались этнические чистки. Конфликт захватил территорию Бурунди, в него были вовлечены Уганда и Демократическая Республика Конго. В 1994 г. после убийства Президента Руанды эскалация насилия привела к резне, в которой только за сто дней погибли более миллиона человек (тутси и несогласных с насилием хуту). Силы ООН воздержались от прямого участия в урегулировании конфликта. После приход к власти Руандийского патриотического фронта (РПФ, тутси) около 2 млн хуту бежали из страны, многие затем возвратились. После череды провалов мирных соглашений в 2004 г. была принята новая конституция с ориентацией на национальное примирение и строительство единой руандийской нации. Глава государства – Президент П. Кагаме, лидер РПФ, при нем тутси нарастили свое участие в органах власти.;После 1994 г.: политика идентичности «одной (руандийской) нации», исключение проблем этничности из политического дискурса и публичного пространства (ликвидация соответствующей графы в паспортах, служивших во время геноцида инструментом выявления «врагов»). Политика памяти, ряд судебных процессов над участвовавшими в массовых убийствах и их подстрекателями. Успешное экономическое развитие, масштабные международные программы помощи;-3.36, 29.9;;101;202, 204, 201;304
187;Западная Сахара;;;;;;;;;;;;;
188;Саудовская Аравия;;;;;;;;;;;;;
189;Судан;39;Дарфурский Конфликт (Судан);;;;Военные формирования суданской армии и ополчения (Джанджавид) / повстанческие группировки (множество участников, в т.ч. криминальные группировки);Судан – одна из беднейших стран Африки, В 2003 г. после обнаружения запасов нефти в провинции Дарфур конфликт между повстанцами и правительственными войсками привел к гибели около 300 тыс. мирного населения, около 3 млн стали беженцами (оценки). Это крупнейшая гуманитарная катастрофа XXI века.;"Мирное соглашение (2004) при международном посредничестве. В 2007 г. учреждена специальная миссия ООН (ЮНАМИД); миротворческая миссия Африканского Союза. Соглашения о мирном урегулировании (дорожная карта 2016 г.) между правительством Судана и группировками повстанцев.";14.94, 30.47;;103;204, 202;306
190;Южный Судан;41;Южный Судан;;;;Правительство Южного Судана / повстанческие группировки (множество участников, в т.ч. криминальные группировки);"Гражданская война (три волны с 1955 г. по наст. время) между сообществами северного Судана (арабское население) и Юга (негроидное население); введение на всей территории страны исламских законов способствовало эскалации конфликтности: на юге большинство населения – христиане. В 2011 г. путем отделения южных провинций образовалось государство Южный Судан, в состав которого вошли нефтеносные районы Юга (около ? запасов находится в ЮС, а нефтепроводы проходят по территории Судана). В 2013 г. в ЮС началась гражданская война между сторонниками правительства (при поддержке военных сил Уганды) и бывшего вице-президента. Гибель мирного населения и массовый голод способствовали одностороннему (со стороны правительства) прекращению огня и началу процесса национального примирения. ";После провозглашения по итогам референдума независимого государства Южный Судан (2011) достигнуто соглашение о возобновлении нефтедобычи между С и ЮС. Миротворческая операция ООН в ЮС (с 2013 г.), в 2017 г. – одностороннее прекращение огня со стороны центрального правительства и начало «национального диалога». В основе конфликта – борьба за ресурсы.;7.54, 30.43;;103;205, 204;302
191;Сенегал;;;;;;;;;;;;;
192;Сингапур;;;;;;;;;;;;;
193;Южная Георгия и Южные Сандвичевы острова;;;;;;;;;;;;;
194;Святой Елены, Вознесения и Тристана-да-Куньи;;;;;;;;;;;;;
195;Соломоновы острова;;;;;;;;;;;;;
196;Сьерра-Леоне;;;;;;;;;;;;;
197;Сальвадор;;;;;;;;;;;;;
198;Сан-Марино;;;;;;;;;;;;;
199;Сомалиленд;;;;;;;;;;;;;
200;Сомали;;;;;;;;;;;;;
201;Сен-Пьер и Микелон;;;;;;;;;;;;;
202;Сербия;24;Косовский конфликт;;;;Албанцы Косово / центральная власть Сербии;Истоки современного косовского конфликта - в событиях Второй мировой войны, когда край с большим албанским сообществом был присоединен к оккупированной Италией Албании. После войны, стремясь погасить межэтнический конфликт, лидер Югославии И. Броз-Тито, с одной стороны, запретил изгнанным ранее сербам возвращаться в автономный край Косово, а с другой стороны, подвергал репрессиям подозреваемых в этническом национализме албанцев. На этом фоне в 1968 и 1981 гг. в Косово произошли серьезные межэтнические столкновения. После распада СФРЮ политико-территориальный конфликт с этнорелигиозной окраской шел по нарастающей и вылился в боевые действия между югославской армией и косовскими повстанцами (1998-1999 гг.) После бомбардировок Югославии силами НАТО в 1999 г. Косово фактически отделилось от Югославии. В 2001 г. были выработаны «Конституционные рамки временного самоуправления в Косово». В них были установлены права национальных общин организовывать административные органы для управления своими делами и реализации своей языковой, национальной и культурной самобытности. В 2007 г. появилось Всеобъемлющее предложение по урегулированию статуса Косова (более известное как план Ахтисаари, по имени его автора, бывшего президента Финляндии) с предложениями по децентрализации власти и организации политического представительства меньшинств. Всеобъемлющее предложение во многом определило черты будущей Конституции Косово (с 2008 г. – частично признанное государство).;"В Конституции Косово закреплён мультиэтничный статус (ст. 3), сербский язык стал вторым государственным, а языки других меньшинств – официально используемыми (ст. 5). Меньшинствам гарантируется поддержание и развитие культурной индивидуальности и идентичности, получение образования на родном языке (ст. 59). Есть договоренность о создании Сообщества сербских муниципалитетов Косово. Однако действующие представительские практики не гарантируют меньшинствам реального участия в принятии решений. При наличии у муниципалитетов автономии не прописано разграничение компетенций с центральными органами, равно как и их этническая организация. 
В Косово действует институт Международного гражданского представителя (МГП), аналог Высокого представителя в Боснии и Герцеговине, задачей является отслеживание соблюдения пунктов Соглашения по урегулированию 2007 г.  Есть две базы НАТО.
";42.59, 20.91;;103;201, 202, 206;301
203;Сан-Томе и Принсипи;;;;;;;;;;;;;
204;Суринам;;;;;;;;;;;;;
205;Словакия;;;;;;;;;;;;;
206;Словения;;;;;;;;;;;;;
207;Швеция;;;;;;;;;;;;;
208;Свазиленд;;;;;;;;;;;;;
209;Синт-Маартен (голландская часть);;;;;;;;;;;;;
210;Сейшельские острова;;;;;;;;;;;;;
211;Сирийская Арабская Республика;;;;;;;;;;;;;
212;Острова Теркс и Кайкос;;;;;;;;;;;;;
213;Чад;;;;;;;;;;;;;
214;Того;;;;;;;;;;;;;
215;Таиланд;;;;;;;;;;;;;
216;Таджикистан;;;;;;;;;;;;;
217;Туркменистан;;;;;;;;;;;;;
218;Восточный Тимор;;;;;;;;;;;;;
219;Тонга;;;;;;;;;;;;;
220;Тринидад и Тобаго;;;;;;;;;;;;;
221;Тунис;;;;;;;;;;;;;
222;Турция;26;Курдский (Турция + Сирия, Ирак);;;;Турецкое большинство / Курдское меньшинство;Этнические курды составляют около пятой части населения Турции, курдский язык индоевропейской языковой группы, компактное расселение на юго-востоке и востоке Турции. Историческое наличие значительного нетурецкого меньшинства в восточных регионах Турции, отказ Парижской мирной конференции 1919 г. создать независимый Курдистан в ходе раздела Османской империи по итогам Первой мировой войны, разделение территории компактного проживания курдов между несколькими государствами (в основном Турция, Иран, Ирак, Сирия), острый вооруженный конфликт курдских повстанческих формирований с центральным турецким правительством начиная с середины 1980-х гг. из-за нерешенности вопросов предоставления курдам прав политического и культурного представительства и территориальной автономии (широкий разброс требований – от автономии курдам в составе турецкого государства до требования создания независимого государства Курдистан). В 1984 г. Курдская рабочая партия объявила войну властям Турции, конфликт продолжается, имеет трансграничный характер (Иракский Курдистан, Сирийский Курдистан).;"С 2009 г. деревням на юго-востоке были возвращены курдские названия, введено факультативное изучение курдского языка в частных школах, открыты кафедры курдского языка в университетах. Нынешних практик регулирования недостаточно для снижения потенциала противостояния, на территориях юго-востока Турции, населенных курдами, ведутся военные действия партизанская война, силовые операции центральной власти против движения за курдскую автономию. Террористические акты курдских боевиков на территории Турции. Курдский язык не признан в качестве официального. 
На территории Ирака, населенных курдами (автономный регион  Иракский Курдистан), возможно создание нового государства (25.09.2017 г. намечено провести референдум о независимости).";38.08, 42.51;;103;204, 203, 202, 206;303
223;Тайвань;;;;;;;;;;;;;
224;Танзания;;;;;;;;;;;;;
225;Уганда;;;;;;;;;;;;;
226;Украина;9;Донбасс (Украина)*;;;;"""Донецкая и Луганская народные республики"" / Центральная власть Украины";Евромайдан (ноябрь 2013 – февраль 2014 гг.) и раскол украинского общества. Активизация силового противостояния властям в центре Киева в январе 2014 г. В ответ – попытка компромисса со стороны властей в форме согласия на формирование коалиционного правительства. Новое обострение в середине февраля 2014 г., массовое кровопролитие в центре Киева. 21 февраля под давлением стран Запада президент Янукович пошёл на уступки и подписал с оппозицией соглашение об урегулировании кризиса на Украине. На следующий день соглашения были сорваны, Янукович покинул Киев. Новая украинская власть получила признание со стороны Евросоюза и США. Государственный переворот в Киеве вызвал ответную реакцию гражданского неповиновения новым властям у жителей Донбасса и ряда других областей Юго-Востока и Юга Украины (блокирование и занятие административных зданий, создание альтернативных органов местной власти, противостояние с правоохранительными органами), вскоре переросшую в вооруженное сопротивление. В.Янукович, так и не отрешенный конституционным образом от власти, написал 1 марта 2014 г. заявление с просьбой о введении войск Российской Федерации на территории Украины. 7 апреля 2014 года были провозглашена Донецкая народная республика (ДНР). 13 апреля на востоке Украины Киев официально инициировал Антитеррористическую операцию (АТО) с привлечением вооружённых сил. Локальные бои и нарушения минских Соглашений вдоль линии соприкосновения продолжаются по сей день.;Четырёхсторонние переговоры по деэскалации конфликта на Украине в апреле 2014 г. в Женеве с участием высших дипломатических представителей Украины, ЕС, США и РФ. Предложения международной группы экспертов «Бойсто» (август 2014 г.). Соглашение «Минск-I» (сентябрь 2014 г.) и «Минск-II» (февраль 2015 г., последовательно: прекращение огня, отвод тяжелых вооружений и артиллерии, проведение выборов в соответствии с украинским законодательством, вывод иностранных войск и техники, прекращение экономической блокады региона, разоружение всех незаконных групп, передача границы под контроль Украины после проведения выборов и конституционной реформы, учитывающей особенности самоуправления в отдельных районах Донецкой и Луганской областей).;48.27, 38.75;;102;201, 203, 206;303
227;Уругвай;;;;;;;;;;;;;
228;Соединенные Штаты Америки;;;;;;;;;;;;;
229;Узбекистан;8;Ферганская долина;;;;Клановые и религиозные экстремистскиегруппы / центральная власть Узбекистана / региональные власти Киргизии;"Массовые столкновения и погромы узбеками турок-месхетинцев (переселены в рамках принудительной депортации из Грузии в 1944 г.) в перенаселенной Ферганской долине, регионе с низким уровнем жизни (1989 г.). Беспорядки в Андижане с участием членов исламской секты Акрамия (2005 г.). Конфликт между узбеками и киргизами в Киргизии (2010 г.).
Исламистское движение. 
Приграничные территориальные споры (вокруг несогласованных участков границы в горных районах).
";Силовое подавление клановой системы центральной властью, ,. Аграрная реформа. Проблемы бедности, перенаселенности и демографического давления системно не решаются.;40.44, 71.69;;103;202, 205, 204;304
230;Святой Винсент и Гренадины;;;;;;;;;;;;;
231;Венесуэла;;;;;;;;;;;;;
232;Виргинские острова, британские;;;;;;;;;;;;;
233;Виргинские острова, США;;;;;;;;;;;;;
234;Вьетнам;;;;;;;;;;;;;
235;Вануату;;;;;;;;;;;;;
236;Уоллис и Футуна;;;;;;;;;;;;;
237;Самоа;;;;;;;;;;;;;
238;Йемен;31;Йемен;;;;;;;15.46, 47.82;;102;;303
239;Южно-Африканская Республика;40;ЮАР;;;;Этнические и племенные группы и сообщества / Вооруженные группировки, выступающие от имени черного и белого (фермеры-африканеры) населения;"В ЮАР совместно проживают коренное черное население (около 30 млн), индиийцы и смешанные этнические сообщества (около 3 млн) и белые (5 млн). Конец режима апартеида и первые демократические выборы (1994) принесли победу Африканскому Национальному Конгрессу. Появившиеся после падения апартеида националистические движения апеллировали к трайбализму и племенным идентичностям.  До сих пор ЮАР представляет собой глубоко разделенное общество с высоким уровнем бедности, экономического неравенства, безработицы, коррупции и преступности. Фермеры-африканеры стали мишенью преступности;";Процессы демократизации 1990-х гг., падение режима апартеида, демократические выборы (1994 г.) и победа АНК Большую роль сыграл фактор лидерства, авторитет Нельсона Манделы (а также роль предыдущего главы государства Ф. Де Клерка на первом этапе демократизации). Политика национального примирения и расовой инклюзивности, нациестроительства на основе консенсуса межу основными группами разделенного общества. Стратегия экономического развития на основе Программы реконструкции и развития. В Конституции закреплены механизмы участия в управлении разных групп (power-sharing). Языковая политика, 11 языков признаны официальными. Позитивная дискриминация представителей наиболее обездоленных групп. Однако проект «нации-радуги» (включающей все цвета кожи, языки и этничности) столкнулся с реальностью глубокого экономического неравенства и социальных дисбалансов в южноафриканском обществе.;-29.03, 24.58;;101;202, 201, 204;305
240;Замбия;;;;;;;;;;;;;
241;Зимбабве;;;;;;;;;;;;;
242;Абхазия;1;Грузино-абхазский конфликт;;;;Абхазия / Грузия;Абхазская государственность возникла в XIII-XV вв. в виде самостоятельного Абхазского княжества. С XVI в. Абхазия была подчинена Османской империи, с конца XVIII в. абхазские князья стали искать спасения от османского гнета с помощью покровительства России. В 1810 г. Абхазское княжество вошло в состав Российской империи, но до 1864 г. сохранялось правление абхазских князей. С 1864 до 1917 гг. на территории Абхазии существовало прямое российское военное управление. В 1921 г. была провозглашена Советская Социалистическая Республика Абхазия, которая в 1922 г. на равных правах с другими союзными республиками участвовала в образовании СССР. До 1931 г. ССР Абхазия и ССР Грузия были равноправными субъектами союзного договора. В 1931 г. Абхазия потеряла свой статус союзной республики и стала автономной республикой в составе Грузинской ССР. В 1990 г. Абхазия провозгласила свой суверенитет. В 1992 г. вспыхнул вооруженный конфликт между Республикой Абхазия и и Грузией, в 1993 г. войска Грузии были вытеснены с территории Абхазии. В Абхазию был введен миротворческий контингент СНГ в основном из российских военнослужащих. После грузино-южноосетинского и российско-грузинского вооруженного конфликта в августе 2008 г. Россия признала независимость Республики Абхазия.;Референдум о независимости (1999). Признание Россией независимости Абхазии после военного конфликта с Грузией (2008), российская экономическая и гражданско-правовая помощь, обеспечение безопасности. Историческая политика, стратегии «объединяющих дел». Языковая политика, программа развития абхазского языка как государственного, создание абхазского энциклопедического словаря, работа по восстановлению утерянных во время войны архивов.;43.08, 41.17;;103;206, 201;304
243;Южная Осетия;10;Грузино-южноосетинский конфликт;;;;Южная Осетия / Грузия;"Аланская государственность существовала в X-XII вв., Южная Осетия (в составе Восточной Грузии) вошла в состав Российской империи в 1801 г.; после распада СССР принят Акт о государственной независимости (1992). Православие, согласно Конституции – «основа мировоззрения осетинского народа», между государством и Аланской епархией (обр. в 2005 г. под греческой старостильной юрисдикцией, формально ЮО входит в состав канонической территории Грузинского Патриархата) заключен Конкордат. 
 После распада СССР в 1991-1992 гг. вспыхнул грузино-южноосетинский вооруженный конфликт. В 1992 г. были заключены Дагомысские соглашения, на территорию Южной Осетии были введены миротворческие силы с участием России. В августе 2008 г. произошел штурм грузинскими войсками г. Цхинвали, были произведены обстрелы российских миротворцев. В ответ для защиты населения Южной Осетии были введены российские войска, в ходе 5-дневной войны Грузия потерпела поражение. 26 августа 2008 г. Россия признала независимость Республики Южная Осетия.
";Введение миротворческих сил СНГ с участием России на территорию Южной Осетии после заключения Дагомысских соглашений (1992). Признание Россией независимости Южной Осетии после военного конфликта с Грузией (2008), российская экономическая и гражданско-правовая помощь, обеспечение безопасности. Политика памяти.;42.38, 44.02;;103;206, 201;304
